community,name,email,linkedin,x,role,provider
Product Manager Community,Mo Example,mo@ignyte.dev,,,me,bettermode
Product Manager Community,Sara Chen,sara@figma.com,,,member,bettermode
Product Manager Community,Priya Sharma,priya@linear.app,,,member,bettermode
CX Leaders,Mo Example,mo@ignyte.dev,,,me,slack
CX Leaders,Ava Brooks,ava@notion.so,,,member,slack
CX Leaders,Ben Ortiz,ben.ortiz@stripe.com,,,member,slack
Design Collective,Mo Example,mo@ignyte.dev,,,me,bettermode
Design Collective,Maya Williams,maya@forma.studio,,,member,bettermode
Women in Product,Mo Example,mo@ignyte.dev,,,me,bettermode
Women in Product,Priya Sharma,priya@linear.app,,,member,bettermode
Women in Product,Maya Williams,maya@forma.studio,,,member,bettermode
Founders Circle,Mo Example,mo@ignyte.dev,,,me,slack
Founders Circle,Leo Martinez,leo@gather.so,,,member,slack
Founders Circle,Omar Haddad,omar@vanta.com,,,member,slack
